x1,y1,x2,y2,score
0.40519142150878906,-3.4847564697265625,20.58241844177246,93.88674926757812,0.9420262575149536
127.39738464355469,229.89186096191406,258.69573974609375,106.10491943359375,0.8860487341880798
12.426155090332031,110.93805694580078,135.9011688232422,-5.387603759765625,0.8386584520339966
267.7730407714844,105.14736938476562,321.02789306640625,272.9666748046875,0.8286622166633606
167.16127014160156,369.99066162109375,318.4503173828125,275.0892333984375,0.7964656352996826
125.80286407470703,229.18258666992188,165.52200317382812,370.02203369140625,0.7954878807067871
436.2791442871094,-1.2623672485351562,512.1185302734375,230.73341369628906,0.7611720561981201
256.6335754394531,108.47368621826172,312.6871643066406,276.83941650390625,0.7544560432434082
167.4029541015625,370.75823974609375,272.3909912109375,302.5566101074219,0.53061443567276
41.02995300292969,217.48512268066406,91.25841522216797,519.6710815429688,0.4930804371833801
35.310302734375,183.6367950439453,87.30958557128906,494.13885498046875,0.43280476331710815
43.159400939941406,233.340576171875,92.0794448852539,520.3271484375,0.4088382124900818
13.43960189819336,107.14732360839844,84.87399291992188,443.2792053222656,0.3966366946697235
4.740028381347656,83.33224487304688,85.78073120117188,431.6392822265625,0.3931562304496765
14.533103942871094,107.12751770019531,91.59260559082031,479.69781494140625,0.3723231256008148
20.460372924804688,118.97611999511719,92.63967895507812,503.34814453125,0.3424254357814789
128.44219970703125,230.17166137695312,152.10447692871094,325.7554626464844,0.2165851891040802
276.8991394042969,299.9642333984375,318.1754150390625,275.6248779296875,0.1139548048377037
