name,runtime,accuracy,snr_db,median_ms,p95_ms
cv_onnx_dynamic_new_t4_matched,1.30.0,0.73,40.33907617905706,25.4647,34.019135
cv_onnx_dynamic_old_t4_matched,1.20.1,0.73,40.33907617905706,30.6075,39.58308499999999
cv_onnx_fp32_new_t4_matched,1.30.0,0.73,112.39759024859814,27.23365,37.56974
cv_onnx_fp32_old_t4_matched,1.20.1,0.73,112.39759024859814,32.768249999999995,47.78999999999999
cv_onnx_static_new_t4_matched,1.30.0,0.71,19.114884992172108,32.544399999999996,50.411579999999994
cv_onnx_static_old_t4_matched,1.20.1,0.71,19.114884992172108,29.830750000000002,46.98783999999999
cv_tflite_dynamic_new_t4_matched,2.2.0,0.73,26.576215610641064,15.6695,16.49315
cv_tflite_dynamic_old_t4_matched,2.15.1,0.73,27.3277360736048,163.8495,348.73513499999996
cv_tflite_fp32_new_t4_matched,2.2.0,0.73,114.09912167972244,93.9366,117.73916999999999
cv_tflite_fp32_old_t4_matched,2.15.1,0.73,113.82596519948612,57.345,95.64224
cv_tflite_static_new_t4_matched,2.2.0,0.74,20.584533548468173,14.9064,15.560265
cv_tflite_static_old_t4_matched,2.15.1,0.74,20.584533548468173,24.9065,25.422349999999998
text_onnx_dynamic_new_t4_matched,1.30.0,0.91,25.010625398576423,11.7529,36.60441999999999
text_onnx_dynamic_old_t4_matched,1.20.1,0.9,24.31011919703403,11.658349999999999,37.92843
text_onnx_fp32_new_t4_matched,1.30.0,0.91,128.32702975702512,21.5282,64.59911
text_onnx_fp32_old_t4_matched,1.20.1,0.91,124.67652586936373,24.566699999999997,66.15191999999999
text_onnx_static_new_t4_matched,1.30.0,0.92,10.142325154239293,94.11914999999999,103.29200999999996
text_onnx_static_old_t4_matched,1.20.1,0.92,10.141680137880511,95.14269999999999,102.90708
text_tflite_dynamic_new_t4_matched,2.2.0,0.9,21.270394976472563,39.581649999999996,58.86677499999999
text_tflite_dynamic_old_t4_matched,2.15.1,0.9,21.118840075331363,1054.8147,1316.4939799999997
text_tflite_fp32_new_t4_matched,2.2.0,0.91,124.52962913284198,36.111450000000005,102.87719499999999
text_tflite_fp32_old_t4_matched,2.15.1,0.91,122.98619741761088,163.67635,214.575845
text_tflite_static_new_t4_matched,2.2.0,0.48,0.02951807269899958,86.86265,120.794335
text_tflite_static_old_t4_matched,2.15.1,0.52,0.035947675274132576,114.7878,142.64123999999998
