task,variant,mae,rmse,max_abs_error,relative_l2,cosine_similarity,snr_db,accuracy,top1_ties,top5_accuracy,probability_sum_min,probability_sum_max,top1_agreement,allclose_fp32_tolerance,top5_overlap,size_mib,mean_ms,median_ms,p95_ms,size_reduction_x,median_speedup_x,accuracy_delta_pp,f1_positive
cv,tensorflow_fp32,0.0,0.0,0.0,0.0,1.0,inf,0.73,0,0.9,0.9999993443489075,1.0000009536743164,1.0,True,1.0,98.34239482879639,341.62261,420.1059,588.64905,1.0,1.0,0.0,
cv,onnx_fp32,2.5758731533612438e-09,5.9503956701848695e-08,5.125999450683594e-06,2.39949852647797e-06,0.9999999999971212,112.39759024859814,0.73,0,0.9,0.999999463558197,1.000001072883606,1.0,True,1.0,97.42297458648682,104.065403,80.9081,311.291905,1.0,1.0,0.0,
cv,onnx_dynamic,1.1266467948624552e-05,0.00023849075501578684,0.019276559352874756,0.009617145597667796,0.9999537544319866,40.33907617905706,0.73,0,0.9,0.9999995231628418,1.0000009536743164,1.0,False,0.9940000000000001,91.57913017272949,87.03939650000001,81.36995,86.07750499999999,1.0638119667956565,0.9943240717242667,0.0,
cv,onnx_static,0.0001215620680070067,0.0028166225832288497,0.32144787907600403,0.11358037536842021,0.993549818483492,18.893934007264225,0.7,6,0.93,0.9999997019767761,1.0000008344650269,0.92,False,0.892,24.937975883483887,57.22245699999999,56.997749999999996,58.81021,3.9066111476596963,1.4194963836291785,-3.0000000000000027,
cv,tflite_fp32,2.287590761194313e-09,5.048090096712188e-08,5.751848220825195e-06,2.0356435806919376e-06,0.9999999999979508,113.82596519948612,0.73,0,0.9,0.9999993443489075,1.0000017881393433,1.0,True,1.0,97.42103576660156,378.4090785,408.9963,573.73064,1.0,1.0,0.0,
cv,tflite_dynamic,4.8636171357557795e-05,0.0010666908106789481,0.11115849018096924,0.04301433333679821,0.9990798917387581,27.3277360736048,0.73,0,0.9,0.9999996423721313,1.0000016689300537,0.97,False,0.9519999999999998,24.761863708496094,1040.5644675,1006.9914000000001,1409.6090599999998,3.934317582612945,0.4061566960750608,0.0,
cv,tflite_fp16,1.4547456075247913e-06,3.1838531709082304e-05,0.00391620397567749,0.0012838895790402388,0.9999991758324112,57.82944652340633,0.73,0,0.9,0.9999991655349731,1.0000019073486328,1.0,False,1.0,48.739810943603516,403.9637025,424.46195,528.456655,1.9987979821942015,0.9635641074541547,0.0,
cv,tflite_static,0.0001273020657517377,0.0023184550486958543,0.33258387446403503,0.09349175721079868,0.9956848303822814,20.584533548468173,0.74,3,0.9,0.8359375,1.00390625,0.91,False,0.652,25.06939697265625,333.7062595,326.4724,396.071715,3.8860542147408195,1.2527745071252578,1.0000000000000009,
text,tensorflow_fp32,0.0,0.0,0.0,0.0,0.9999999999999998,inf,0.91,0,,,,1.0,True,,255.53688049316406,72.82295500000001,71.54825,75.34179,1.0,1.0,0.0,0.9108910891089109
text,onnx_fp32,1.3822317123413087e-06,2.1338592902178687e-06,1.3023614883422852e-05,5.836785138629166e-07,0.9999999999998304,124.67652586936373,0.91,0,,,,1.0,True,,254.2688217163086,68.8973045,68.2942,72.664755,1.0,1.0,0.0,0.9108910891089109
text,onnx_dynamic,0.1204315672069788,0.2225799864509759,1.110569417476654,0.06088271907285382,0.9981473116630203,24.31011919703403,0.9,0,,,,0.99,False,,131.4163761138916,91.3653355,108.63845,173.225055,1.9348336123341834,0.6286374667532536,-1.0000000000000009,0.9
text,onnx_static,1.0549836644344033,1.1339956456867837,2.813804879784584,0.31018394522813225,0.9850659473024928,10.167613690685002,0.92,0,,,,0.97,False,,131.51362228393555,232.33634449999997,245.35195,302.12730999999997,1.9334029228344634,0.2783519756007646,1.0000000000000009,0.92
text,tflite_fp32,1.5658140182495117e-06,2.5922817394643677e-06,1.621246337890625e-05,7.090716619135905e-07,0.9999999999997491,122.98619741761088,0.91,0,,,,1.0,True,,254.1897850036621,384.040491,409.82405,490.95021499999996,1.0,1.0,0.0,0.9108910891089109
text,tflite_dynamic,0.18720456194132568,0.3214031047486528,1.5926426649093628,0.0879139910445863,0.9963417736467933,21.118840075331363,0.9,0,,,,0.97,False,,63.93456268310547,513.5490759999999,429.8661,932.9331099999999,3.9757804595233597,0.9533760629181971,-1.0000000000000009,0.9019607843137255
text,tflite_fp16,0.0005106624960899354,0.0012366758722847145,0.008939623832702637,0.00033827025923137123,0.9999999436924087,69.41472367530665,0.91,0,,,,1.0,False,,127.16026306152344,336.83888550000006,344.05295,415.786895,1.9989718398166454,1.1911656330806057,0.0,0.9108910891089109
text,tflite_static,3.463463917002082,3.6407821037261283,4.846396893262863,0.9958699232621853,0.10107762492005612,0.035947675274132576,0.52,4,,,,0.55,False,,63.748077392578125,275.62300150000004,268.07415000000003,321.19231999999994,3.9874109996806926,1.528771237361006,-39.0,0.6666666666666666
