phase,task,variant,device,status,mae,rmse,max_abs_error,relative_l2,cosine_similarity,snr_db,accuracy,top1_ties,top5_accuracy,probability_sum_min,probability_sum_max,top1_agreement,allclose_fp32_tolerance,top5_overlap,mean_ms,median_ms,p95_ms,std_ms,size_mib,speedup_vs_paired_cpu,cuda_compute_nodes,cpu_nodes,f1_positive
primary,cv,onnx_fp32,cpu,ok,2.5758731533612438e-09,5.9503956701848695e-08,5.125999450683594e-06,2.39949852647797e-06,0.9999999999971212,112.39759024859814,0.73,0,0.9,0.999999463558197,1.000001072883606,1.0,True,1.0,83.36684399999999,83.23195000000001,85.68945,1.2571292239718237,97.42297458648682,,0,60,
primary,cv,onnx_fp32,cuda,ok,2.782896060942294e-09,6.287043565183187e-08,5.453824996948242e-06,2.5352518734424213e-06,0.9999999999968098,111.91957775373501,0.73,0,0.9,0.9999995827674866,1.0000003576278687,1.0,True,1.0,5.916586,5.9033,6.0094650000000005,0.05274927586232821,97.42297458648682,14.099224162756427,124,0,
primary,cv,onnx_dynamic,cpu,ok,1.1266467948624552e-05,0.00023849075501578684,0.019276559352874756,0.009617145597667796,0.9999537544319866,40.33907617905706,0.73,0,0.9,0.9999995231628418,1.0000009536743164,1.0,False,0.9940000000000001,130.68443000000002,84.48865,326.8593899999999,92.302008270841,91.57913017272949,,0,60,
primary,cv,onnx_dynamic,cuda,ok,1.1263676949183755e-05,0.00023847886584570547,0.019276976585388184,0.009616666166590054,0.9999537590376544,40.3395091962335,0.73,0,0.9,0.9999997615814209,1.000000238418579,1.0,False,0.9940000000000001,6.113913999999999,6.10295,6.231315,0.06607104739596607,91.57913017272949,13.843903358212014,126,2,
primary,cv,onnx_static,cpu,ok,0.0001215620680070067,0.0028166225832288497,0.32144787907600403,0.11358037536842021,0.993549818483492,18.893934007264225,0.7,6,0.93,0.9999997019767761,1.0000008344650269,0.92,False,0.892,59.340549,59.123999999999995,61.96626,1.5796509749621908,24.937975883483887,,0,308,
primary,cv,onnx_static,cuda,ok,0.00012024853225523958,0.002818651280341365,0.40893682837486267,0.11366218262968424,0.9935493696547313,18.887680171012,0.73,4,0.91,0.9999996423721313,1.0000003576278687,0.93,False,0.8959999999999999,9.262136,9.198350000000001,9.643435,0.20611870367339302,24.937975883483887,6.427674528583929,408,54,
primary,cv,onnx_fp16,cpu,ok,1.6822899387488463e-06,3.71395843893318e-05,0.004124253988265991,0.0014976546595503485,0.9999988791372173,56.49176635946037,0.73,0,0.9,0.9999995231628418,1.0000009536743164,1.0,False,0.998,149.5511355,114.5551,503.394565,111.30894700352388,48.735575675964355,,0,239,
primary,cv,onnx_fp16,cuda,ok,2.405614351556977e-06,5.297359042186421e-05,0.005191296339035034,0.0021361613446381385,0.9999977184299847,53.40731896133666,0.73,0,0.9,0.9997214674949646,1.000321865081787,1.0,False,0.9799999999999999,3.7747955,3.6649,4.37557,0.34956796711047483,48.735575675964355,31.257360364539277,126,0,
primary,text,onnx_fp32,cpu,ok,1.3822317123413087e-06,2.1338592902178687e-06,1.3023614883422852e-05,5.836785138629166e-07,0.9999999999998304,124.67652586936373,0.91,0,,,,1.0,True,,70.3778355,70.28120000000001,72.60567499999999,1.2150937289319494,254.2688217163086,,0,413,0.9108910891089109
primary,text,onnx_fp32,cuda,ok,1.5387684106826782e-06,2.373520411275266e-06,1.6167759895324707e-05,6.492334675614897e-07,0.9999999999997896,123.7519820134336,0.91,0,,,,1.0,True,,4.880107000000001,4.8331,5.247324999999998,0.1812015911933447,254.2688217163086,14.541639941238545,408,0,0.9108910891089109
primary,text,onnx_dynamic,cpu,ok,0.1204315672069788,0.2225799864509759,1.110569417476654,0.06088271907285382,0.9981473116630203,24.31011919703403,0.9,0,,,,0.99,False,,25.579337999999996,25.325000000000003,26.938539999999996,1.2184021638835019,131.4163761138916,,0,420,0.9
primary,text,onnx_dynamic,cuda,ok,0.10836959847481921,0.1859355654413848,0.9072370924986899,0.05085930220825756,0.9987065364196244,25.872592053155927,0.9,0,,,,0.99,False,,27.060371999999997,26.914450000000002,28.38647,0.779763956281643,131.4163761138916,0.9409443626007591,486,64,0.9
primary,text,onnx_static,cpu,ok,1.0549836644344033,1.1339956456867837,2.813804879784584,0.31018394522813225,0.9850659473024928,10.167613690685002,0.92,0,,,,0.97,False,,54.223161999999995,54.0377,56.18887,1.173591658438317,131.51362228393555,,0,555,0.92
primary,text,onnx_static,cuda,ok,1.0551040623150767,1.128586486214844,2.8495888859033585,0.30870436774319554,0.9860319851660231,10.209144516069205,0.91,0,,,,0.96,False,,9.237995,8.949549999999999,10.564195,0.590502923680315,131.51362228393555,6.038035431949093,818,2,0.9090909090909091
primary,text,onnx_fp16,cpu,ok,0.0006614925712347031,0.0015031522398772851,0.011798322200775146,0.00041116003735734106,0.9999999173789896,67.71978206306676,0.91,0,,,,1.0,False,,97.97387149999999,97.17565,102.228665,4.475201172811983,127.26874542236328,,0,588,0.9108910891089109
primary,text,onnx_fp16,cuda,ok,0.21682814493775368,0.35085826034486994,1.6492589116096497,0.09597091472405049,0.9953879557592078,20.35720731602956,0.89,0,,,,0.98,False,,13.4117145,11.1683,27.14893999999999,6.148891279372221,127.26874542236328,8.701024327784891,409,0,0.8910891089108911
first_pass_resnet_fp32,cv,onnx_fp32,cpu,ok,2.5758731533612438e-09,5.9503956701848695e-08,5.125999450683594e-06,2.39949852647797e-06,0.9999999999971212,112.39759024859814,0.73,0,0.9,0.999999463558197,1.000001072883606,1.0,True,1.0,329.03743449999996,320.74585,405.68583,42.297008659362184,,,,,
first_pass_resnet_fp32,cv,onnx_fp32,cuda,ok,2.782896060942294e-09,6.287043565183187e-08,5.453824996948242e-06,2.5352518734424213e-06,0.9999999999968098,111.91957775373501,0.73,0,0.9,0.9999995827674866,1.0000003576278687,1.0,True,1.0,7.5988175,6.49425,12.301899999999993,2.646713922497811,,,,,
